"LineNumber","Line","Path"
"23","  const instanceId = useRef(Math.random().toString(36).substring(2, 9)).current;","Z:\Livora website\livora-backend\livora-frontend\src\App.tsx"
"35","      content: response.data.content.map((raw: any) => ({","Z:\Livora website\livora-backend\livora-frontend\src\api\adminService.ts"
"126","        const to = new Date().toISOString().split('T')[0];","Z:\Livora website\livora-backend\livora-frontend\src\api\creatorEarningsService.ts"
"129","        const from = fromDate.toISOString().split('T')[0];","Z:\Livora website\livora-backend\livora-frontend\src\api\creatorEarningsService.ts"
"106","        content: rawContent.map(adaptCreator),","Z:\Livora website\livora-backend\livora-frontend\src\api\creatorService.ts"
"147","        content: response.data.map(adaptCreator),","Z:\Livora website\livora-backend\livora-frontend\src\api\creatorService.ts"
"174","      return response.data.map(adaptCreator);","Z:\Livora website\livora-backend\livora-frontend\src\api\creatorService.ts"
"419","      content: response.data.content.map(adaptCreator),","Z:\Livora website\livora-backend\livora-frontend\src\api\creatorService.ts"
"60","            id: String(rawMsg.messageId || rawMsg.id || rawMsg.clientRequestId || `msg-${Date.now()}-${Math.random().toString(36).substring(2, 9)}`),","Z:\Livora website\livora-backend\livora-frontend\src\chat\ChatRoom.tsx"
"160","    if (input.trim() && user) {","Z:\Livora website\livora-backend\livora-frontend\src\chat\ChatRoom.tsx"
"161","      chatService.sendMessage(roomId, user.id, user.role, input.trim());","Z:\Livora website\livora-backend\livora-frontend\src\chat\ChatRoom.tsx"
"166","  const isInputEmpty = !input.trim();","Z:\Livora website\livora-backend\livora-frontend\src\chat\ChatRoom.tsx"
"181","          messages.map((msg, index) => {","Z:\Livora website\livora-backend\livora-frontend\src\chat\ChatRoom.tsx"
"18","      message.id = `msg-${Date.now()}-${Math.random().toString(36).substring(2, 9)}`;","Z:\Livora website\livora-backend\livora-frontend\src\chat\chatService.ts"
"29","      id: `tip-${Date.now()}-${Math.random().toString(36).substring(2, 9)}`,","Z:\Livora website\livora-backend\livora-frontend\src\chat\chatService.ts"
"50","      content: content.trim(),","Z:\Livora website\livora-backend\livora-frontend\src\chat\chatService.ts"
"56","          <h2 style={styles.title}>Report {(targetType || '').replace('_', ' ').toLowerCase()}</h2>","Z:\Livora website\livora-backend\livora-frontend\src\components\AbuseReportModal.tsx"
"73","              {Object.values(ReportReason).map((res) => (","Z:\Livora website\livora-backend\livora-frontend\src\components\AbuseReportModal.tsx"
"74","                <option key={res} value={res}>{res.replace('_', ' ')}</option>","Z:\Livora website\livora-backend\livora-frontend\src\components\AbuseReportModal.tsx"
"66","          {events.map((e) => (","Z:\Livora website\livora-backend\livora-frontend\src\components\AdminRealtimeDashboard.tsx"
"86","            <div style={{ fontSize: '0.7rem', color: '#888' }}>{metrics.lastTimestamp ? new Date(metrics.lastTimestamp).toLocaleString() : '-'}</div>","Z:\Livora website\livora-backend\livora-frontend\src\components\AdminRealtimeDashboard.tsx"
"75","            {Object.values(ReportStatus).map(s => (","Z:\Livora website\livora-backend\livora-frontend\src\components\AdminReports.tsx"
"98","              {reports.map(report => (","Z:\Livora website\livora-backend\livora-frontend\src\components\AdminReports.tsx"
"103","                  <td>{report.createdAt ? new Date(report.createdAt).toLocaleString() : 'N/A'}</td>","Z:\Livora website\livora-backend\livora-frontend\src\components\AdminReports.tsx"
"90","        const uniqueId = String(rawMsg.messageId || rawMsg.id || rawMsg.clientRequestId || `msg-${Date.now()}-${Math.random().toString(36).substring(2, 9)}`);","Z:\Livora website\livora-backend\livora-frontend\src\components\ChatComponent.tsx"
"137","    if (!connected || !input.trim()) return;","Z:\Livora website\livora-backend\livora-frontend\src\components\ChatComponent.tsx"
"326","        {messages.map((msg) => {","Z:\Livora website\livora-backend\livora-frontend\src\components\ChatComponent.tsx"
"160","    if (!postContent.trim()) {","Z:\Livora website\livora-backend\livora-frontend\src\components\CreatorDashboard.tsx"
"168","      const firstLine = postContent.trim().split('\n')[0];","Z:\Livora website\livora-backend\livora-frontend\src\components\CreatorDashboard.tsx"
"169","      const generatedTitle = firstLine.substring(0, 80) || 'New Post';","Z:\Livora website\livora-backend\livora-frontend\src\components\CreatorDashboard.tsx"
"173","        content: postContent.trim() ","Z:\Livora website\livora-backend\livora-frontend\src\components\CreatorDashboard.tsx"
"257","                {followerCountLoading ? '...' : (followerCount ?? 0).toLocaleString()}","Z:\Livora website\livora-backend\livora-frontend\src\components\CreatorDashboard.tsx"
"381","                  (myPosts || []).slice(0, 5).map((post) => (","Z:\Livora website\livora-backend\livora-frontend\src\components\CreatorDashboard.tsx"
"24","          {[1, 2, 3, 4, 5].map((i) => (","Z:\Livora website\livora-backend\livora-frontend\src\components\DashboardSkeleton.tsx"
"92","                  highRiskUsers.map(u => (","Z:\Livora website\livora-backend\livora-frontend\src\components\FraudDashboard.tsx"
"102","                        {u.createdAt ? new Date(u.createdAt).toLocaleString() : 'N/A'}","Z:\Livora website\livora-backend\livora-frontend\src\components\FraudDashboard.tsx"
"129","                {(signals || []).map(s => (","Z:\Livora website\livora-backend\livora-frontend\src\components\FraudDashboard.tsx"
"141","                      {s.createdAt ? new Date(s.createdAt).toLocaleString() : 'N/A'}","Z:\Livora website\livora-backend\livora-frontend\src\components\FraudDashboard.tsx"
"162","                {(failedLogins || []).map((l, i) => (","Z:\Livora website\livora-backend\livora-frontend\src\components\FraudDashboard.tsx"
"168","                      {l.timestamp ? new Date(l.timestamp).toLocaleString() : 'N/A'}","Z:\Livora website\livora-backend\livora-frontend\src\components\FraudDashboard.tsx"
"189","                {(anomalies || []).map(a => (","Z:\Livora website\livora-backend\livora-frontend\src\components\FraudDashboard.tsx"
"199","                      {a.createdAt ? new Date(a.createdAt).toLocaleString() : 'N/A'}","Z:\Livora website\livora-backend\livora-frontend\src\components\FraudDashboard.tsx"
"221","                {(chargebacks || []).map((c, i) => (","Z:\Livora website\livora-backend\livora-frontend\src\components\FraudDashboard.tsx"
"65","                <small>Last evaluated: {riskScore.lastEvaluatedAt ? new Date(riskScore.lastEvaluatedAt).toLocaleString() : 'N/A'}</small>","Z:\Livora website\livora-backend\livora-frontend\src\components\FraudUserDetails.tsx"
"73","              {(signals || []).length === 0 ? <p>No active signals.</p> : (signals || []).map(s => (","Z:\Livora website\livora-backend\livora-frontend\src\components\FraudUserDetails.tsx"
"78","                    <small>{s.createdAt ? new Date(s.createdAt).toLocaleString() : 'N/A'}</small>","Z:\Livora website\livora-backend\livora-frontend\src\components\FraudUserDetails.tsx"
"88","              {(history || []).length === 0 ? <p>No history available.</p> : (history || []).map(h => (","Z:\Livora website\livora-backend\livora-frontend\src\components\FraudUserDetails.tsx"
"93","                    <small>{h.createdAt ? new Date(h.createdAt).toLocaleString() : 'N/A'}</small>","Z:\Livora website\livora-backend\livora-frontend\src\components\FraudUserDetails.tsx"
"85","            {GIFT_CATALOG.map((gift) => (","Z:\Livora website\livora-backend\livora-frontend\src\components\GiftSelectorModal.tsx"
"128","    if (!input.trim() || !activeRoom) return;","Z:\Livora website\livora-backend\livora-frontend\src\components\GlobalChat.tsx"
"208","        {messages.map((m, i) => {","Z:\Livora website\livora-backend\livora-frontend\src\components\GlobalChat.tsx"
"70","          {invoices.map((invoice) => (","Z:\Livora website\livora-backend\livora-frontend\src\components\InvoiceTable.tsx"
"76","                {(invoice.amount / 100).toFixed(2)} {invoice.currency.toUpperCase()}","Z:\Livora website\livora-backend\livora-frontend\src\components\InvoiceTable.tsx"
"87","            top5.map((entry, index) => (","Z:\Livora website\livora-backend\livora-frontend\src\components\LeaderboardPanel.tsx"
"114","                    {entry.total.toLocaleString()}","Z:\Livora website\livora-backend\livora-frontend\src\components\LeaderboardPanel.tsx"
"53","            +{data.amount.toLocaleString()} TOKENS","Z:\Livora website\livora-backend\livora-frontend\src\components\LegendaryEffectOverlay.tsx"
"147","              const username = (chatMsg.message || '').split('User muted: ')[1];","Z:\Livora website\livora-backend\livora-frontend\src\components\LiveChat.tsx"
"150","              const username = (chatMsg.message || '').split('User banned: ')[1];","Z:\Livora website\livora-backend\livora-frontend\src\components\LiveChat.tsx"
"157","          setMessages((prev) => prev.filter(m => m.id !== deletedId));","Z:\Livora website\livora-backend\livora-frontend\src\components\LiveChat.tsx"
"235","    if (!input.trim() || !streamId || isMuted || hasInsufficientTokens) return;","Z:\Livora website\livora-backend\livora-frontend\src\components\LiveChat.tsx"
"351","          messages.map((msg, index) => {","Z:\Livora website\livora-backend\livora-frontend\src\components\LiveChat.tsx"
"388","                            targetLabel: `Message: ""${(msg.message || msg.content || '').substring(0, 20)}...""`,","Z:\Livora website\livora-backend\livora-frontend\src\components\LiveChat.tsx"
"459","            <button type=""submit"" style={styles.sendButton} disabled={!input.trim() || isMuted || hasInsufficientTokens}>","Z:\Livora website\livora-backend\livora-frontend\src\components\LiveChat.tsx"
"131","            {[...Array(3)].map((_, i) => (","Z:\Livora website\livora-backend\livora-frontend\src\components\Loader.tsx"
"206","        {[...Array(8)].map((_, i) => <CardSkeleton key={i} />)}","Z:\Livora website\livora-backend\livora-frontend\src\components\Loader.tsx"
"215","        {[...Array(5)].map((_, i) => <FeedSkeleton key={i} />)}","Z:\Livora website\livora-backend\livora-frontend\src\components\Loader.tsx"
"238","        {[...Array(8)].map((_, i) => <CardSkeleton key={i} />)}","Z:\Livora website\livora-backend\livora-frontend\src\components\Loader.tsx"
"14","        <span style={styles.balanceText}>{balance.toLocaleString()}</span>","Z:\Livora website\livora-backend\livora-frontend\src\components\Navbar.tsx"
"38","      setRequests((prev) => prev.filter((r) => r.sessionId !== sessionId));","Z:\Livora website\livora-backend\livora-frontend\src\components\PrivateShowCreatorHandler.tsx"
"51","      setRequests((prev) => prev.filter((r) => r.sessionId !== sessionId));","Z:\Livora website\livora-backend\livora-frontend\src\components\PrivateShowCreatorHandler.tsx"
"64","        {requests.map((req) => (","Z:\Livora website\livora-backend\livora-frontend\src\components\PrivateShowCreatorHandler.tsx"
"156","    if (!input.trim()) return;","Z:\Livora website\livora-backend\livora-frontend\src\components\StreamChat.tsx"
"208","        {messages.map((m, i) => (","Z:\Livora website\livora-backend\livora-frontend\src\components\StreamChat.tsx"
"60","        Period End: <strong>{currentPeriodEnd ? new Date(currentPeriodEnd).toLocaleString() : 'N/A'}</strong>","Z:\Livora website\livora-backend\livora-frontend\src\components\SubscriptionDebugPanel.tsx"
"43","          setActiveGifts(prev => prev.filter(g => g.id !== gift.id));","Z:\Livora website\livora-backend\livora-frontend\src\components\TipOverlayManager.tsx"
"57","          setActiveGifts(prev => prev.filter(g => g.id !== gift.id));","Z:\Livora website\livora-backend\livora-frontend\src\components\TipOverlayManager.tsx"
"65","            setActiveGifts(prev => prev.filter(g => g.id !== gift.id));","Z:\Livora website\livora-backend\livora-frontend\src\components\TipOverlayManager.tsx"
"106","        id: tip.id || Math.random().toString(36).substring(2, 9),","Z:\Livora website\livora-backend\livora-frontend\src\components\TipOverlayManager.tsx"
"149","      {activeGifts.map((gift, index) => {","Z:\Livora website\livora-backend\livora-frontend\src\components\TipOverlayManager.tsx"
"63","          Creator Tokens: {(lastCreatorBalance ?? 0).toLocaleString()}","Z:\Livora website\livora-backend\livora-frontend\src\components\TipPanel.tsx"
"68","        {tipOptions.map((opt) => (","Z:\Livora website\livora-backend\livora-frontend\src\components\TipPanel.tsx"
"24","      setToasts((prev) => prev.filter((t) => t.id !== id));","Z:\Livora website\livora-backend\livora-frontend\src\components\Toast.tsx"
"47","      {toasts.map((toast) => (","Z:\Livora website\livora-backend\livora-frontend\src\components\Toast.tsx"
"15","      <span style={styles.amount}>{(balance ?? 0).toLocaleString()}</span>","Z:\Livora website\livora-backend\livora-frontend\src\components\TokenBalance.tsx"
"21","    const id = Math.random().toString(36).substring(2, 9);","Z:\Livora website\livora-backend\livora-frontend\src\components\TokenCounterExplosion.tsx"
"26","      setItems(prev => prev.filter(item => item.id !== id));","Z:\Livora website\livora-backend\livora-frontend\src\components\TokenCounterExplosion.tsx"
"36","      {items.map(item => (","Z:\Livora website\livora-backend\livora-frontend\src\components\TokenCounterExplosion.tsx"
"43","              +{item.amount.toLocaleString()}","Z:\Livora website\livora-backend\livora-frontend\src\components\TokenCounterExplosion.tsx"
"59","        {packages.map((pkg) => (","Z:\Livora website\livora-backend\livora-frontend\src\components\TokenStore.tsx"
"64","              {pkg.price.toFixed(2)} {pkg.currency.toUpperCase()}","Z:\Livora website\livora-backend\livora-frontend\src\components\TokenStore.tsx"
"33","            <span style={styles.metricValue}>?{(data?.totalSpent || 0).toFixed(2)}</span>","Z:\Livora website\livora-backend\livora-frontend\src\components\ViewerStatsGrid.tsx"
"39","          {vods.map(vod => (","Z:\Livora website\livora-backend\livora-frontend\src\components\VodGallery.tsx"
"25","        const uniqueRealtimeEvents = prev.filter(p => {","Z:\Livora website\livora-backend\livora-frontend\src\components\admin\AdminActivityFeed.tsx"
"46","        id: `rt-${Date.now()}-${Math.random().toString(36).substring(2, 6)}`,","Z:\Livora website\livora-backend\livora-frontend\src\components\admin\AdminActivityFeed.tsx"
"114","        {localEvents.slice(0, 10).map((event) => {","Z:\Livora website\livora-backend\livora-frontend\src\components\admin\AdminActivityFeed.tsx"
"135","                      {event.type.replace(/_/g, ' ')}","Z:\Livora website\livora-backend\livora-frontend\src\components\admin\AdminActivityFeed.tsx"
"61","        setAlerts(prev => prev.filter(a => a.id !== id));","Z:\Livora website\livora-backend\livora-frontend\src\components\admin\AdminAlertBanner.tsx"
"143","      {alerts.map((alert) => {","Z:\Livora website\livora-backend\livora-frontend\src\components\admin\AdminAlertBanner.tsx"
"161","              onClick={() => setAlerts(prev => prev.filter(a => a.id !== alert.id))}","Z:\Livora website\livora-backend\livora-frontend\src\components\admin\AdminAlertBanner.tsx"
"26","      const mapped = data.map((s: any) => ({","Z:\Livora website\livora-backend\livora-frontend\src\components\admin\AdminLiveStreamsWidget.tsx"
"58","      setStreams(prev => prev.filter(s => s.id !== sessionId));","Z:\Livora website\livora-backend\livora-frontend\src\components\admin\AdminLiveStreamsWidget.tsx"
"82","    const currentStreamUserIds = new Set(streams.map(s => s.userId).filter(Boolean));","Z:\Livora website\livora-backend\livora-frontend\src\components\admin\AdminLiveStreamsWidget.tsx"
"189","              {streams.map((stream) => (","Z:\Livora website\livora-backend\livora-frontend\src\components\admin\AdminLiveStreamsWidget.tsx"
"94","                  formatter={(value: any) => `?${value.toFixed(2)}`}","Z:\Livora website\livora-backend\livora-frontend\src\components\admin\AdminPlatformCharts.tsx"
"80","    return `${mb.toFixed(1)} MB`;","Z:\Livora website\livora-backend\livora-frontend\src\components\admin\AdminSystemHealthBar.tsx"
"131","              value={`${systemHealth.apiLatency.toFixed(0)}ms`}","Z:\Livora website\livora-backend\livora-frontend\src\components\admin\AdminSystemHealthBar.tsx"
"113","                {creator.viewerCount.toLocaleString()}","Z:\Livora website\livora-backend\livora-frontend\src\components\creator\CreatorCard.tsx"
"155","                        {creator.activeStream.goal.currentAmount.toLocaleString()} / {creator.activeStream.goal.targetAmount.toLocaleString()}","Z:\Livora website\livora-backend\livora-frontend\src\components\creator\CreatorCard.tsx"
"23","      {media.map((item) => (","Z:\Livora website\livora-backend\livora-frontend\src\components\creator\CreatorMediaTab.tsx"
"70","    if (!value.trim() || disabled) return;","Z:\Livora website\livora-backend\livora-frontend\src\components\live\ChatInput.tsx"
"82","    const before = value.substring(0, start);","Z:\Livora website\livora-backend\livora-frontend\src\components\live\ChatInput.tsx"
"83","    const after = value.substring(end);","Z:\Livora website\livora-backend\livora-frontend\src\components\live\ChatInput.tsx"
"216","          disabled={!value.trim() || disabled}","Z:\Livora website\livora-backend\livora-frontend\src\components\live\ChatInput.tsx"
"72","        const textBefore = content.split(url)[0];","Z:\Livora website\livora-backend\livora-frontend\src\components\live\ChatMessage.tsx"
"73","        const textAfter = content.split(url)[1];","Z:\Livora website\livora-backend\livora-frontend\src\components\live\ChatMessage.tsx"
"149","            {actions.map((action: any, idx: number) => (","Z:\Livora website\livora-backend\livora-frontend\src\components\live\ChatMessage.tsx"
"73","      setViewers(prev => prev.filter(v => v.id !== userId));","Z:\Livora website\livora-backend\livora-frontend\src\components\live\CreatorModerationPanel.tsx"
"118","          {viewers.map((viewer) => (","Z:\Livora website\livora-backend\livora-frontend\src\components\live\CreatorModerationPanel.tsx"
"125","                  {viewer.email.split('@')[0]}","Z:\Livora website\livora-backend\livora-frontend\src\components\live\CreatorModerationPanel.tsx"
"128","                  ID: {String(viewer.id).substring(0, 4)}","Z:\Livora website\livora-backend\livora-frontend\src\components\live\CreatorModerationPanel.tsx"
"31","      ? settings.bannedWords.split("","").map(w => w.trim()).filter(Boolean)","Z:\Livora website\livora-backend\livora-frontend\src\components\live\CreatorModerationSettingsPanel.tsx"
"71","    const word = newWord.trim().toLowerCase();","Z:\Livora website\livora-backend\livora-frontend\src\components\live\CreatorModerationSettingsPanel.tsx"
"84","      bannedWords: safeBannedWords.filter(w => w !== wordToRemove)","Z:\Livora website\livora-backend\livora-frontend\src\components\live\CreatorModerationSettingsPanel.tsx"
"173","                    safeBannedWords.map(word => (","Z:\Livora website\livora-backend\livora-frontend\src\components\live\CreatorModerationSettingsPanel.tsx"
"86","            {gifs.map((gif) => (","Z:\Livora website\livora-backend\livora-frontend\src\components\live\GifPicker.tsx"
"60","          {quickAmounts.map((amt) => (","Z:\Livora website\livora-backend\livora-frontend\src\components\live\TipBar.tsx"
"20","          {amounts.map((amount) => (","Z:\Livora website\livora-backend\livora-frontend\src\components\tokens\SendTokensModal.tsx"
"100","          {options.map((option) => (","Z:\Livora website\livora-backend\livora-frontend\src\components\ui\CountryDropdown.tsx"
"95","          {options.map((option) => (","Z:\Livora website\livora-backend\livora-frontend\src\components\ui\PremiumDropdown.tsx"
"37","          {options.map((option) => (","Z:\Livora website\livora-backend\livora-frontend\src\components\ui\SelectField.tsx"
"33","      .map(([username, total]) => ({ username, total }))","Z:\Livora website\livora-backend\livora-frontend\src\hooks\useSessionTips.ts"
"34","      setApplications(data.content.map((v: any) => ({","Z:\Livora website\livora-backend\livora-frontend\src\pages\AdminApplicationsPage.tsx"
"76","    if (!reviewNotes.trim()) {","Z:\Livora website\livora-backend\livora-frontend\src\pages\AdminApplicationsPage.tsx"
"132","            {applications.map((app) => {","Z:\Livora website\livora-backend\livora-frontend\src\pages\AdminApplicationsPage.tsx"
"139","                    {new Date(app.submittedAt).toLocaleString()}","Z:\Livora website\livora-backend\livora-frontend\src\pages\AdminApplicationsPage.tsx"
"156","                      {app.status.replace('_', ' ')}","Z:\Livora website\livora-backend\livora-frontend\src\pages\AdminApplicationsPage.tsx"
"274","                  <div style={modalStyles.detailValue}>{selectedApp && new Date(selectedApp.submittedAt).toLocaleString()}</div>","Z:\Livora website\livora-backend\livora-frontend\src\pages\AdminApplicationsPage.tsx"
"289","                   <div style={modalStyles.detailValue}>{new Date(selectedApp.approvedAt).toLocaleString()}</div>","Z:\Livora website\livora-backend\livora-frontend\src\pages\AdminApplicationsPage.tsx"
"89","            {creators.map((creator) => {","Z:\Livora website\livora-backend\livora-frontend\src\pages\AdminCreatorsPage.tsx"
"65","    if (!selectedVer || !reason.trim()) {","Z:\Livora website\livora-backend\livora-frontend\src\pages\AdminCreatorVerifications.tsx"
"129","            {['PENDING', 'UNDER_REVIEW', 'APPROVED', 'REJECTED', 'ALL'].map((status) => (","Z:\Livora website\livora-backend\livora-frontend\src\pages\AdminCreatorVerifications.tsx"
"139","                {status.replace('_', ' ')}","Z:\Livora website\livora-backend\livora-frontend\src\pages\AdminCreatorVerifications.tsx"
"165","                {verifications.map((v) => (","Z:\Livora website\livora-backend\livora-frontend\src\pages\AdminCreatorVerifications.tsx"
"448","                    disabled={processingId !== null || !reason.trim()}","Z:\Livora website\livora-backend\livora-frontend\src\pages\AdminCreatorVerifications.tsx"
"177","    return `?${(val || 0).toFixed(2)}`;","Z:\Livora website\livora-backend\livora-frontend\src\pages\AdminLandingPage.tsx"
"212","                <span className=""text-sm font-bold text-white leading-none"">{(metrics?.onlineUsers || 0).toLocaleString()}</span>","Z:\Livora website\livora-backend\livora-frontend\src\pages\AdminLandingPage.tsx"
"219","                <span className=""text-sm font-bold text-white leading-none"">{(metrics?.activeStreams || 0).toLocaleString()}</span>","Z:\Livora website\livora-backend\livora-frontend\src\pages\AdminLandingPage.tsx"
"226","                <span className=""text-sm font-bold text-white leading-none"">{(metrics?.openReports || 0).toLocaleString()}</span>","Z:\Livora website\livora-backend\livora-frontend\src\pages\AdminLandingPage.tsx"
"233","                <span className=""text-sm font-bold text-white leading-none"">{(metrics?.pendingApplications || 0).toLocaleString()}</span>","Z:\Livora website\livora-backend\livora-frontend\src\pages\AdminLandingPage.tsx"
"240","                <span className=""text-sm font-bold text-white leading-none"">{(metrics?.pendingVerifications || 0).toLocaleString()}</span>","Z:\Livora website\livora-backend\livora-frontend\src\pages\AdminLandingPage.tsx"
"132","                    content.map((item) => (","Z:\Livora website\livora-backend\livora-frontend\src\pages\AdminPanel.tsx"
"180","                    subscriptions.map((sub) => (","Z:\Livora website\livora-backend\livora-frontend\src\pages\AdminPanel.tsx"
"196","                        <td style={{ padding: '12px', border: '1px solid #ddd', fontSize: '0.9rem' }}>{sub.createdAt ? new Date(sub.createdAt).toLocaleString() : 'N/A'}</td>","Z:\Livora website\livora-backend\livora-frontend\src\pages\AdminPanel.tsx"
"224","                    payouts.map((p) => (","Z:\Livora website\livora-backend\livora-frontend\src\pages\AdminPanel.tsx"
"228","                        <td style={{ padding: '12px', border: '1px solid #ddd' }}>?{(p.eurAmount || 0).toFixed(2)}</td>","Z:\Livora website\livora-backend\livora-frontend\src\pages\AdminPanel.tsx"
"241","                        <td style={{ padding: '12px', border: '1px solid #ddd', fontSize: '0.9rem' }}>{p.createdAt ? new Date(p.createdAt).toLocaleString() : 'N/A'}</td>","Z:\Livora website\livora-backend\livora-frontend\src\pages\AdminPanel.tsx"
"41","        prev.map(r => r.id === id ? { ...r, status } : r)","Z:\Livora website\livora-backend\livora-frontend\src\pages\AdminReportsPage.tsx"
"75","              ) : reports.map((report) => (","Z:\Livora website\livora-backend\livora-frontend\src\pages\AdminReportsPage.tsx"
"77","                  <td className=""p-4 text-zinc-500 font-mono text-[10px]"">{report.id.substring(0, 8)}...</td>","Z:\Livora website\livora-backend\livora-frontend\src\pages\AdminReportsPage.tsx"
"78","            {streams.map((stream) => (","Z:\Livora website\livora-backend\livora-frontend\src\pages\AdminStreamsPage.tsx"
"266","          {[1, 2, 3, 4].map((s) => (","Z:\Livora website\livora-backend\livora-frontend\src\pages\BecomeCreatorPage.tsx"
"184","          streamId: 'chat-' + Math.random().toString(36).substring(2, 9)","Z:\Livora website\livora-backend\livora-frontend\src\pages\ChatPage.tsx"
"246","    if (!inputValue.trim() || !roomId || !user) return;","Z:\Livora website\livora-backend\livora-frontend\src\pages\ChatPage.tsx"
"252","      content: inputValue.trim()","Z:\Livora website\livora-backend\livora-frontend\src\pages\ChatPage.tsx"
"334","          {messages.map((msg, i) => (","Z:\Livora website\livora-backend\livora-frontend\src\pages\ChatPage.tsx"
"362","            disabled={!inputValue.trim()}","Z:\Livora website\livora-backend\livora-frontend\src\pages\ChatPage.tsx"
"47","                    {metrics.map((metric, index) => (","Z:\Livora website\livora-backend\livora-frontend\src\pages\CreatorAnalyticsPage.tsx"
"69","                            {earningsGrowth.map((data, i) => (","Z:\Livora website\livora-backend\livora-frontend\src\pages\CreatorAnalyticsPage.tsx"
"97","                            {subscriberGrowth.map((item, i) => (","Z:\Livora website\livora-backend\livora-frontend\src\pages\CreatorAnalyticsPage.tsx"
"38","      setContent(content.filter(item => item.id !== deletingContent.id));","Z:\Livora website\livora-backend\livora-frontend\src\pages\CreatorContentPage.tsx"
"58","      setContent(content.map(item => item.id === id ? { ...item, ...updated } : item));","Z:\Livora website\livora-backend\livora-frontend\src\pages\CreatorContentPage.tsx"
"91","            {content.map(item => (","Z:\Livora website\livora-backend\livora-frontend\src\pages\CreatorContentPage.tsx"
"88","        ? recentTransactions.reduce((acc, tx) => acc + tx.netAmount, 0) / recentTransactions.length ","Z:\Livora website\livora-backend\livora-frontend\src\pages\CreatorEarningsDashboard.tsx"
"90","    const pendingCount = recentTransactions.filter(tx => tx.locked).length;","Z:\Livora website\livora-backend\livora-frontend\src\pages\CreatorEarningsDashboard.tsx"
"132","                const dailyTotals = analyticsResponse.map((d: any) => d.earnings || 0);","Z:\Livora website\livora-backend\livora-frontend\src\pages\CreatorEarningsDashboard.tsx"
"133","                const avg = dailyTotals.reduce((a: number, b: number) => a + b, 0) / dailyTotals.length;","Z:\Livora website\livora-backend\livora-frontend\src\pages\CreatorEarningsDashboard.tsx"
"136","                    const variance = dailyTotals.reduce((sum: number, val: number) => sum + Math.pow(val - avg, 2), 0) / dailyTotals.length;","Z:\Livora website\livora-backend\livora-frontend\src\pages\CreatorEarningsDashboard.tsx"
"152","                const totalRevenue = transactionsResponse.reduce((acc, tx) => acc + tx.netAmount, 0);","Z:\Livora website\livora-backend\livora-frontend\src\pages\CreatorEarningsDashboard.tsx"
"174","                    .map(([name, data]) => ({ name, ...data, share: data.total / (totalRevenue || 1) }))","Z:\Livora website\livora-backend\livora-frontend\src\pages\CreatorEarningsDashboard.tsx"
"183","                    const topRevenueConcentration = sortedTxs.slice(0, topCount).reduce((acc, tx) => acc + tx.netAmount, 0);","Z:\Livora website\livora-backend\livora-frontend\src\pages\CreatorEarningsDashboard.tsx"
"186","                        setRevenueConcentrationInsight(`Your top supporters drive ${percentageConcentration.toFixed(0)}% of your revenue.`);","Z:\Livora website\livora-backend\livora-frontend\src\pages\CreatorEarningsDashboard.tsx"
"195","                        const top3Share = supporters.slice(0, 3).reduce((acc, s) => acc + s.share, 0);","Z:\Livora website\livora-backend\livora-frontend\src\pages\CreatorEarningsDashboard.tsx"
"210","                    const whales = supporters.filter(s => s.share > 0.2);","Z:\Livora website\livora-backend\livora-frontend\src\pages\CreatorEarningsDashboard.tsx"
"211","                    const whaleData = whales.map(w => {","Z:\Livora website\livora-backend\livora-frontend\src\pages\CreatorEarningsDashboard.tsx"
"232","                        const totalViewers = analyticsResponse ? analyticsResponse.reduce((acc: any, d: any) => acc + (d.viewers || 0), 0) : 0;","Z:\Livora website\livora-backend\livora-frontend\src\pages\CreatorEarningsDashboard.tsx"
"248","                        const totalBase = tiers.reduce((acc, t) => acc + t.count, 0);","Z:\Livora website\livora-backend\livora-frontend\src\pages\CreatorEarningsDashboard.tsx"
"249","                        const tiersWithPct = tiers.map(t => ({","Z:\Livora website\livora-backend\livora-frontend\src\pages\CreatorEarningsDashboard.tsx"
"254","                        const untappedTier = tiersWithPct.slice(0, 3).reduce((prev, curr) => (curr.count > prev.count) ? curr : prev);","Z:\Livora website\livora-backend\livora-frontend\src\pages\CreatorEarningsDashboard.tsx"
"415","                const dailyTotals = analyticsResponse.map((d: any) => d.earnings || 0);","Z:\Livora website\livora-backend\livora-frontend\src\pages\CreatorEarningsDashboard.tsx"
"416","                const validDailyTotals = dailyTotals.filter((e: number) => e > 0);","Z:\Livora website\livora-backend\livora-frontend\src\pages\CreatorEarningsDashboard.tsx"
"419","                    const totalSum = dailyTotals.reduce((a: number, b: number) => a + b, 0);","Z:\Livora website\livora-backend\livora-frontend\src\pages\CreatorEarningsDashboard.tsx"
"422","                    const bestDay = analyticsResponse.reduce((prev: any, current: any) => ","Z:\Livora website\livora-backend\livora-frontend\src\pages\CreatorEarningsDashboard.tsx"
"429","                        setPerformanceInsight(`You perform best on ${dayName} (+${diff.toFixed(0)}% vs average).`);","Z:\Livora website\livora-backend\livora-frontend\src\pages\CreatorEarningsDashboard.tsx"
"444","                const activeDaysTotals = Object.values(daySums).filter(t => t > 0);","Z:\Livora website\livora-backend\livora-frontend\src\pages\CreatorEarningsDashboard.tsx"
"448","                    const baseline = activeDaysTotals.reduce((a, b) => a + b, 0) / activeDaysCount;","Z:\Livora website\livora-backend\livora-frontend\src\pages\CreatorEarningsDashboard.tsx"
"483","                const firstHalf = analyticsResponse.slice(0, mid).reduce((acc: number, d: any) => acc + (d.earnings || 0), 0);","Z:\Livora website\livora-backend\livora-frontend\src\pages\CreatorEarningsDashboard.tsx"
"484","                const secondHalf = analyticsResponse.slice(mid).reduce((acc: number, d: any) => acc + (d.earnings || 0), 0);","Z:\Livora website\livora-backend\livora-frontend\src\pages\CreatorEarningsDashboard.tsx"
"490","                        current: `${(earningsTrend * 100).toFixed(1)}%`,","Z:\Livora website\livora-backend\livora-frontend\src\pages\CreatorEarningsDashboard.tsx"
"493","                        message: `Revenue trend: ${(earningsTrend * 100).toFixed(1)}%. Deploy high-engagement interactive content.`, ","Z:\Livora website\livora-backend\livora-frontend\src\pages\CreatorEarningsDashboard.tsx"
"499","                        current: `+${(earningsTrend * 100).toFixed(1)}%`,","Z:\Livora website\livora-backend\livora-frontend\src\pages\CreatorEarningsDashboard.tsx"
"502","                        message: `Revenue trend: +${(earningsTrend * 100).toFixed(1)}%. Increase broadcast density during peak hours.`, ","Z:\Livora website\livora-backend\livora-frontend\src\pages\CreatorEarningsDashboard.tsx"
"508","                const totalSubs = analyticsResponse.reduce((acc: number, d: any) => acc + (d.subscriptions || 0), 0);","Z:\Livora website\livora-backend\livora-frontend\src\pages\CreatorEarningsDashboard.tsx"
"530","                const totalViewers = analyticsResponse.reduce((acc: number, d: any) => acc + (d.viewers || 0), 0);","Z:\Livora website\livora-backend\livora-frontend\src\pages\CreatorEarningsDashboard.tsx"
"531","                const totalReturning = analyticsResponse.reduce((acc: number, d: any) => acc + (d.returningViewers || 0), 0);","Z:\Livora website\livora-backend\livora-frontend\src\pages\CreatorEarningsDashboard.tsx"
"537","                        current: `${(retention * 100).toFixed(1)}%`,","Z:\Livora website\livora-backend\livora-frontend\src\pages\CreatorEarningsDashboard.tsx"
"540","                        message: `Retention rate: ${(retention * 100).toFixed(1)}%. Stabilize weekly broadcast schedule.`, ","Z:\Livora website\livora-backend\livora-frontend\src\pages\CreatorEarningsDashboard.tsx"
"546","                        current: `${(retention * 100).toFixed(1)}%`,","Z:\Livora website\livora-backend\livora-frontend\src\pages\CreatorEarningsDashboard.tsx"
"549","                        message: `Retention rate: ${(retention * 100).toFixed(1)}%. Execute supporter appreciation protocols.`, ","Z:\Livora website\livora-backend\livora-frontend\src\pages\CreatorEarningsDashboard.tsx"
"559","                    setSecondaryActions(candidates.slice(1, 3).map(c => c.message));","Z:\Livora website\livora-backend\livora-frontend\src\pages\CreatorEarningsDashboard.tsx"
"579","                    const totalRevenue = sources.reduce((acc, [_, val]) => acc + (val as number), 0);","Z:\Livora website\livora-backend\livora-frontend\src\pages\CreatorEarningsDashboard.tsx"
"581","                        const [bestSource, bestValue] = sources.reduce((prev, curr) => (curr[1] as number) > (prev[1] as number) ? curr : prev);","Z:\Livora website\livora-backend\livora-frontend\src\pages\CreatorEarningsDashboard.tsx"
"583","                        const sourceLabel = (bestSource || """").toLowerCase().replace('_', ' ').replace(/^\w/, c => c.toUpperCase());","Z:\Livora website\livora-backend\livora-frontend\src\pages\CreatorEarningsDashboard.tsx"
"584","                        setIncomeInsight(`Your strongest income stream is ${sourceLabel} (${percentage.toFixed(0)}% of total).`);","Z:\Livora website\livora-backend\livora-frontend\src\pages\CreatorEarningsDashboard.tsx"
"762","                            ?{(earnings?.availableBalance || 0).toFixed(2)}","Z:\Livora website\livora-backend\livora-frontend\src\pages\CreatorEarningsDashboard.tsx"
"767","                                +?{sessionDelta.toFixed(2)} this session","Z:\Livora website\livora-backend\livora-frontend\src\pages\CreatorEarningsDashboard.tsx"
"775","                                {isPayoutEligible ? 'Transfer to Bank' : `Next Payout at ?${MIN_PAYOUT_AMOUNT.toFixed(2)}`}","Z:\Livora website\livora-backend\livora-frontend\src\pages\CreatorEarningsDashboard.tsx"
"782","                            <span style={styles.miniValue}>?{(earnings?.totalEarnings || 0).toFixed(2)}</span>","Z:\Livora website\livora-backend\livora-frontend\src\pages\CreatorEarningsDashboard.tsx"
"786","                            <span style={styles.miniValueAmber}>?{(earnings?.pendingBalance || 0).toFixed(2)}</span>","Z:\Livora website\livora-backend\livora-frontend\src\pages\CreatorEarningsDashboard.tsx"
"823","                                <span style={{...styles.progressText, color: progressColor}}>{primaryAction.progress.toFixed(0)}% to performance threshold</span>","Z:\Livora website\livora-backend\livora-frontend\src\pages\CreatorEarningsDashboard.tsx"
"824","                                <span style={styles.gapSubtext}>Performance gap: {Math.max(0, 100 - primaryAction.progress).toFixed(0)}% remaining</span>","Z:\Livora website\livora-backend\livora-frontend\src\pages\CreatorEarningsDashboard.tsx"
"830","                                {secondaryActions.map((action, i) => (","Z:\Livora website\livora-backend\livora-frontend\src\pages\CreatorEarningsDashboard.tsx"
"864","                                <span style={styles.riskValue}>{riskInsight.top1.toFixed(1)}%</span>","Z:\Livora website\livora-backend\livora-frontend\src\pages\CreatorEarningsDashboard.tsx"
"873","                                    <span style={styles.riskValue}>{riskInsight.top3.toFixed(1)}%</span>","Z:\Livora website\livora-backend\livora-frontend\src\pages\CreatorEarningsDashboard.tsx"
"899","                                        {Math.min(100, (riskInsight.uniqueSupporters / 3) * 100).toFixed(0)}% to target","Z:\Livora website\livora-backend\livora-frontend\src\pages\CreatorEarningsDashboard.tsx"
"916","                                {(pricingStrategyInsight.strategy || """").replace('_', ' ')}","Z:\Livora website\livora-backend\livora-frontend\src\pages\CreatorEarningsDashboard.tsx"
"936","                                        <span style={styles.projectionValue}>?{(pricingStrategyInsight.projection.revenue || 0).toFixed(2)}</span>","Z:\Livora website\livora-backend\livora-frontend\src\pages\CreatorEarningsDashboard.tsx"
"941","                                            <span style={styles.projectionValue}>+?{(pricingStrategyInsight.projection.absoluteIncrease || 0).toFixed(2)}</span>","Z:\Livora website\livora-backend\livora-frontend\src\pages\CreatorEarningsDashboard.tsx"
"943","                                                +{(pricingStrategyInsight.projection.delta || 0).toFixed(1)}% {pricingStrategyInsight.projection.delta >= 300 ? '(capped)' : ''}","Z:\Livora website\livora-backend\livora-frontend\src\pages\CreatorEarningsDashboard.tsx"
"1012","                                <span style={styles.tipFloorValue}>?{tipFloorInsight.currentAvgTip.toFixed(2)}</span>","Z:\Livora website\livora-backend\livora-frontend\src\pages\CreatorEarningsDashboard.tsx"
"1017","                                    {tipFloorInsight.isBlocked ? 'Adjustment blocked' : `?${tipFloorInsight.suggestedTipFloor.toFixed(2)}`}","Z:\Livora website\livora-backend\livora-frontend\src\pages\CreatorEarningsDashboard.tsx"
"1023","                                    {tipFloorInsight.isBlocked ? 'N/A' : (tipFloorInsight.revenueUpside > 0 ? `+?${tipFloorInsight.revenueUpside.toFixed(2)}` : '?0.00')}","Z:\Livora website\livora-backend\livora-frontend\src\pages\CreatorEarningsDashboard.tsx"
"1058","                                {adaptiveTipInsight.status === 'CAUTION' ? 'Elevated Risk' : (adaptiveTipInsight.status || """").replace('_', ' ')}","Z:\Livora website\livora-backend\livora-frontend\src\pages\CreatorEarningsDashboard.tsx"
"1158","                            {whaleActivity.map((whale, idx) => {","Z:\Livora website\livora-backend\livora-frontend\src\pages\CreatorEarningsDashboard.tsx"
"1170","                                                <span style={styles.whaleShare}>{whale.share.toFixed(1)}% revenue share</span>","Z:\Livora website\livora-backend\livora-frontend\src\pages\CreatorEarningsDashboard.tsx"
"1194","                                    {monetizationLadder.tiers.map((tier: any, i: number) => (","Z:\Livora website\livora-backend\livora-frontend\src\pages\CreatorEarningsDashboard.tsx"
"1198","                                                <span>{tier.count} users ({tier.percentage.toFixed(1)}%)</span>","Z:\Livora website\livora-backend\livora-frontend\src\pages\CreatorEarningsDashboard.tsx"
"1254","                        <span style={styles.insightValue}>?{avgEarnings.toFixed(2)}</span>","Z:\Livora website\livora-backend\livora-frontend\src\pages\CreatorEarningsDashboard.tsx"
"1262","                        <span style={styles.insightValue}>{lockedRatio.toFixed(1)}%</span>","Z:\Livora website\livora-backend\livora-frontend\src\pages\CreatorEarningsDashboard.tsx"
"1305","                            recentTransactions.map((tx) => (","Z:\Livora website\livora-backend\livora-frontend\src\pages\CreatorEarningsDashboard.tsx"
"1313","                                        <span style={styles.ledgerSource}>{(tx.sourceType || """").replace('_', ' ')}</span>","Z:\Livora website\livora-backend\livora-frontend\src\pages\CreatorEarningsDashboard.tsx"
"1319","                                        <span style={styles.ledgerAmount}>+?{(tx.netAmount || 0).toFixed(2)}</span>","Z:\Livora website\livora-backend\livora-frontend\src\pages\CreatorEarningsDashboard.tsx"
"93","    const tipId = Math.random().toString(36).substring(2, 9);","Z:\Livora website\livora-backend\livora-frontend\src\pages\CreatorLiveDashboard.tsx"
"99","      setActiveTips(prev => prev.filter(t => t.id !== tipId));","Z:\Livora website\livora-backend\livora-frontend\src\pages\CreatorLiveDashboard.tsx"
"227","            setGoals(prev => prev.map(g => {","Z:\Livora website\livora-backend\livora-frontend\src\pages\CreatorLiveDashboard.tsx"
"426","      await apiClient.put('/creator/tip-goals/reorder', sortedGoals.map(g => g.id));","Z:\Livora website\livora-backend\livora-frontend\src\pages\CreatorLiveDashboard.tsx"
"461","    if (!newActionDescription.trim()) return;","Z:\Livora website\livora-backend\livora-frontend\src\pages\CreatorLiveDashboard.tsx"
"486","      setTipActions(prev => prev.map(a => a.id === id ? res.data : a));","Z:\Livora website\livora-backend\livora-frontend\src\pages\CreatorLiveDashboard.tsx"
"496","      setTipActions(prev => prev.filter(a => a.id !== id));","Z:\Livora website\livora-backend\livora-frontend\src\pages\CreatorLiveDashboard.tsx"
"515","    if (!editingActionId || !newActionDescription.trim()) return;","Z:\Livora website\livora-backend\livora-frontend\src\pages\CreatorLiveDashboard.tsx"
"745","                {activeTips.map((tip) => (","Z:\Livora website\livora-backend\livora-frontend\src\pages\CreatorLiveDashboard.tsx"
"915","                <p className=""text-sm text-gray-400 mt-1"">? ?{(sessionTokens * 0.05).toFixed(2)}</p>","Z:\Livora website\livora-backend\livora-frontend\src\pages\CreatorLiveDashboard.tsx"
"1000","              {[...goals].sort((a,b) => (a.orderIndex ?? 0) - (b.orderIndex ?? 0)).map((goal, index) => (","Z:\Livora website\livora-backend\livora-frontend\src\pages\CreatorLiveDashboard.tsx"
"1171","                            disabled={isSavingAction || !newActionDescription.trim()}","Z:\Livora website\livora-backend\livora-frontend\src\pages\CreatorLiveDashboard.tsx"
"1186","                          disabled={isSavingAction || !newActionDescription.trim() || tipActions.length >= 30}","Z:\Livora website\livora-backend\livora-frontend\src\pages\CreatorLiveDashboard.tsx"
"1210","                  {tipActions.sort((a,b) => a.amount - b.amount).map(action => (","Z:\Livora website\livora-backend\livora-frontend\src\pages\CreatorLiveDashboard.tsx"
"62","          Photos: media.filter((m: any) => m.type === ""PHOTO"" && m.accessLevel !== ""PREMIUM""),","Z:\Livora website\livora-backend\livora-frontend\src\pages\CreatorPublicProfile.tsx"
"63","          Videos: media.filter((m: any) => m.type === ""VIDEO"" && m.accessLevel !== ""PREMIUM""),","Z:\Livora website\livora-backend\livora-frontend\src\pages\CreatorPublicProfile.tsx"
"64","          Clips: media.filter((m: any) => m.type === ""CLIP"" && m.accessLevel !== ""PREMIUM""),","Z:\Livora website\livora-backend\livora-frontend\src\pages\CreatorPublicProfile.tsx"
"65","          Premium: media.filter((m: any) => m.accessLevel === ""PREMIUM"")","Z:\Livora website\livora-backend\livora-frontend\src\pages\CreatorPublicProfile.tsx"
"89","              updated[tab] = updated[tab].map(m => ","Z:\Livora website\livora-backend\livora-frontend\src\pages\CreatorPublicProfile.tsx"
"244","                      <span>?? {(profile?.followersCount || 0).toLocaleString()} followers</span>","Z:\Livora website\livora-backend\livora-frontend\src\pages\CreatorPublicProfile.tsx"
"247","                      <span>?? {(profile?.streamCount || 0).toLocaleString()} streams</span>","Z:\Livora website\livora-backend\livora-frontend\src\pages\CreatorPublicProfile.tsx"
"310","                  ].map((tab) => (","Z:\Livora website\livora-backend\livora-frontend\src\pages\CreatorPublicProfile.tsx"
"571","                      ['Photos', 'Videos', 'Premium'].map((tab) => (","Z:\Livora website\livora-backend\livora-frontend\src\pages\CreatorPublicProfile.tsx"
"596","                      media={mediaByTab[activeTab === 'media' ? mediaTab : 'Clips'].map(item => ({","Z:\Livora website\livora-backend\livora-frontend\src\pages\CreatorPublicProfile.tsx"
"174","                {countries.map((c) => (","Z:\Livora website\livora-backend\livora-frontend\src\pages\CreatorVerificationPage.tsx"
"116","  const creatorIds = useMemo(() => creators.map((c) => c.userId), [creators]);","Z:\Livora website\livora-backend\livora-frontend\src\pages\ExploreCreatorsPage.tsx"
"143","      .map((c) => {","Z:\Livora website\livora-backend\livora-frontend\src\pages\ExploreCreatorsPage.tsx"
"166","          const baseUrl = updatedCreator.activeStream.thumbnailUrl.split('?')[0];","Z:\Livora website\livora-backend\livora-frontend\src\pages\ExploreCreatorsPage.tsx"
"248","            {[""featured"",""women"",""men"",""couples"",""trans""].map((cat) => (","Z:\Livora website\livora-backend\livora-frontend\src\pages\ExploreCreatorsPage.tsx"
"297","              {liveCreators.map((c) => (","Z:\Livora website\livora-backend\livora-frontend\src\pages\ExploreCreatorsPage.tsx"
"318","            {initialSkeletons.map((_, i) => (","Z:\Livora website\livora-backend\livora-frontend\src\pages\ExploreCreatorsPage.tsx"
"339","              {nonLiveCreators.map((c) => (","Z:\Livora website\livora-backend\livora-frontend\src\pages\ExploreCreatorsPage.tsx"
"355","                {nextSkeletons.map((_, i) => (","Z:\Livora website\livora-backend\livora-frontend\src\pages\ExploreCreatorsPage.tsx"
"51","      setPosts(prev => prev.map(p => {","Z:\Livora website\livora-backend\livora-frontend\src\pages\FeedPage.tsx"
"87","            {posts.map(post => (","Z:\Livora website\livora-backend\livora-frontend\src\pages\FeedPage.tsx"
"35","    return creators.map(c => {","Z:\Livora website\livora-backend\livora-frontend\src\pages\Home.tsx"
"37","        const baseUrl = c.activeStream.thumbnailUrl.split('?')[0];","Z:\Livora website\livora-backend\livora-frontend\src\pages\Home.tsx"
"119","                displayedCreators.map((creator) => (","Z:\Livora website\livora-backend\livora-frontend\src\pages\Home.tsx"
"85","          setTips(prev => prev.filter(t => t.id !== newTip.id));","Z:\Livora website\livora-backend\livora-frontend\src\pages\LiveStreaming.tsx"
"103","        setAvailableRooms(prev => prev.map(room => ","Z:\Livora website\livora-backend\livora-frontend\src\pages\LiveStreaming.tsx"
"282","        {tips.map(tip => (","Z:\Livora website\livora-backend\livora-frontend\src\pages\LiveStreaming.tsx"
"456","                    availableRooms.map(room => (","Z:\Livora website\livora-backend\livora-frontend\src\pages\LiveStreaming.tsx"
"517","              {badges.map(badge => (","Z:\Livora website\livora-backend\livora-frontend\src\pages\LiveStreaming.tsx"
"105","          Amount paid: <strong>?{(amount / 100).toFixed(2)}</strong>","Z:\Livora website\livora-backend\livora-frontend\src\pages\PaymentSuccess.tsx"
"120","              payouts.map(p => (","Z:\Livora website\livora-backend\livora-frontend\src\pages\PayoutDashboard.tsx"
"124","                  <td style={{ padding: '12px' }}>?{p.eurAmount.toFixed(2)}</td>","Z:\Livora website\livora-backend\livora-frontend\src\pages\PayoutDashboard.tsx"
"107","        {plans.map((plan) => (","Z:\Livora website\livora-backend\livora-frontend\src\pages\PricingPage.tsx"
"164","              {plan.features.map((feature, idx) => (","Z:\Livora website\livora-backend\livora-frontend\src\pages\PricingPage.tsx"
"52","  const sessionIdRef = useRef(Math.random().toString(36).substring(2, 9));","Z:\Livora website\livora-backend\livora-frontend\src\pages\WatchPage.tsx"
"141","    if (!connected || !chatInput.trim() || !creator?.profile?.userId) return;","Z:\Livora website\livora-backend\livora-frontend\src\pages\WatchPage.tsx"
"198","  const instanceId = useRef(Math.random().toString(36).substring(2, 9)).current;","Z:\Livora website\livora-backend\livora-frontend\src\pages\WatchPage.tsx"
"248","      id: Math.random().toString(36).substring(2, 9),","Z:\Livora website\livora-backend\livora-frontend\src\pages\WatchPage.tsx"
"1218","                          ??{goal.currentAmount.toLocaleString()} <span className=""text-white/30 font-medium"">/ {goal.targetAmount.toLocaleString()}</span>","Z:\Livora website\livora-backend\livora-frontend\src\pages\WatchPage.tsx"
"1292","                              {goal.currentAmount.toLocaleString()} ","Z:\Livora website\livora-backend\livora-frontend\src\pages\WatchPage.tsx"
"1293","                              <span className=""text-xs text-zinc-500 font-medium uppercase tracking-widest ml-1"">/ {goal.targetAmount.toLocaleString()} tokens</span>","Z:\Livora website\livora-backend\livora-frontend\src\pages\WatchPage.tsx"
"1479","               <span className=""text-2xl font-black text-white"">??{goal.targetAmount.toLocaleString()}</span>","Z:\Livora website\livora-backend\livora-frontend\src\pages\WatchPage.tsx"
"1485","            {[...Array(20)].map((_, i) => (","Z:\Livora website\livora-backend\livora-frontend\src\pages\WatchPage.tsx"
"60","            interestedIn: data.interestedIn ? (typeof data.interestedIn === 'string' ? data.interestedIn.split(',').map(s => s.trim()).filter(Boolean) : data.interestedIn) : [],","Z:\Livora website\livora-backend\livora-frontend\src\pages\creator\CreatorSettingsPage.tsx"
"61","            languages: data.languages ? (typeof data.languages === 'string' ? data.languages.split(',').map(s => s.trim()).filter(Boolean) : data.languages) : [],","Z:\Livora website\livora-backend\livora-frontend\src\pages\creator\CreatorSettingsPage.tsx"
"237","                  {INTERESTED_IN_OPTIONS.map(option => (","Z:\Livora website\livora-backend\livora-frontend\src\pages\creator\CreatorSettingsPage.tsx"
"246","                            : current.filter(item => item !== option);","Z:\Livora website\livora-backend\livora-frontend\src\pages\creator\CreatorSettingsPage.tsx"
"266","                    const options = Array.from(e.target.selectedOptions).map(o => o.value)","Z:\Livora website\livora-backend\livora-frontend\src\pages\creator\CreatorSettingsPage.tsx"
"274","                  {LANGUAGE_OPTIONS.map(lang => (","Z:\Livora website\livora-backend\livora-frontend\src\pages\creator\CreatorSettingsPage.tsx"
"552","              ].map((toggle) => (","Z:\Livora website\livora-backend\livora-frontend\src\pages\creator\CreatorSettingsPage.tsx"
"14","      .split(';')","Z:\Livora website\livora-backend\livora-frontend\src\utils\csrf.ts"
"15","      .map((c) => c.trim())","Z:\Livora website\livora-backend\livora-frontend\src\utils\csrf.ts"
"16","      .filter((cookie) => {","Z:\Livora website\livora-backend\livora-frontend\src\utils\csrf.ts"
"17","        return cookie.substring(0, nameLenPlus) === `${name}=`;","Z:\Livora website\livora-backend\livora-frontend\src\utils\csrf.ts"
"19","      .map((cookie) => {","Z:\Livora website\livora-backend\livora-frontend\src\utils\csrf.ts"
"20","        return decodeURIComponent(cookie.substring(nameLenPlus));","Z:\Livora website\livora-backend\livora-frontend\src\utils\csrf.ts"
"112","    const globalLoadPromises = Object.entries(this.SOUND_CONFIG).map(async ([name, path]) => {","Z:\Livora website\livora-backend\livora-frontend\src\utils\SpatialSoundEngine.ts"
"51","    const requestId = Math.random().toString(36).substring(2, 15);","Z:\Livora website\livora-backend\livora-frontend\src\websocket\webRtcService.ts"
"282","    const receiptId = `sub-${Math.random().toString(36).substring(2, 9)}`;","Z:\Livora website\livora-backend\livora-frontend\src\websocket\webSocketService.ts"
"352","    const receiptId = `ack-${Math.random().toString(36).substring(2, 9)}`;","Z:\Livora website\livora-backend\livora-frontend\src\websocket\webSocketService.ts"
"6","const wsSessionId = Math.random().toString(36).substring(2, 9);","Z:\Livora website\livora-backend\livora-frontend\src\ws\WsContext.tsx"
"35","  const instanceId = useRef(Math.random().toString(36).substring(2, 9)).current;","Z:\Livora website\livora-backend\livora-frontend\src\ws\WsContext.tsx"
